id,question,related_triples,retrieved_chunks
1,毛湾矿区的经纬度范围是多少？,毛湾矿区-范围-东经112°58′00″～112°59′15″; 毛湾矿区-范围-北纬26°53′00″～26°54′30″,表1-1毛湾矿区拐点坐标（2000国家大地坐标系）地理坐标直角坐标拐点号经度纬度XY1112°58′04″26°54′30″2977892.338397467.12112°59′19″26°54′30″2977875.538399536.73112°59′19″26°53′00″2975105.238399514.64112°58′04″26°53′00″2975121.938397444.4面。工作区位于湖南省衡南县花桥镇，隶属于衡南县川口办事处管辖，距衡阳市约50km。: 毛湾矿区东侧岩体出露的长轴方向按110°方向布置了5条勘探线，不整合面接触部位，勘探线大致垂直不整合接触界线。。工作区位于湖南省衡南县花桥镇，隶属于衡南县川口办事处管辖，距衡阳市约50km。: 毛湾矿区估算矿体55个，初步估算（334）WO资源量12454t，详细情况见（表8-1）。。工作区位于湖南省衡南县花桥镇，隶属于衡南县川口办事处管辖，距衡阳市约50km。: 毛湾矿区东南部为龙溪水库，其余地区除冲沟外，地表水系不太发育。
2,毛湾矿区的面积有多大？,毛湾矿区-面积-5.7km²,工作区位于湖南省衡南县花桥镇，隶属于衡南县川口办事处管辖，距衡阳市约50km。: 毛湾矿区估算矿体55个，初步估算（334）WO资源量12454t，详细情况见（表8-1）。。工作区位于湖南省衡南县花桥镇，隶属于衡南县川口办事处管辖，距衡阳市约50km。: 毛湾矿区东南部为龙溪水库，其余地区除冲沟外，地表水系不太发育。。表1-1毛湾矿区拐点坐标（2000国家大地坐标系）地理坐标直角坐标拐点号经度纬度XY1112°58′04″26°54′30″2977892.338397467.12112°59′19″26°54′30″2977875.538399536.73112°59′19″26°53′00″2975105.238399514.64112°58′04″26°53′00″2975121.938397444.4面
3,毛湾矿区距离衡阳市多远？,毛湾矿区-距离-衡阳市约50km,工作区位于湖南省衡南县花桥镇，隶属于衡南县川口办事处管辖，距衡阳市约50km。: 339.3外部建设条件9.3.1、交通、运输条件矿区交通较为方便，矿区距衡阳市区约50km，距京珠高速洪市出口约30km，西侧有公路穿越毛湾矿区。。工作区位于湖南省衡南县花桥镇，隶属于衡南县川口办事处管辖，距衡阳市约50km。: 毛湾矿区东南部为龙溪水库，其余地区除冲沟外，地表水系不太发育。。工作区位于湖南省衡南县花桥镇，隶属于衡南县川口办事处管辖，距衡阳市约50km。: 毛湾矿区估算矿体55个，初步估算（334）WO资源量12454t，详细情况见（表8-1）。
4,矿区出露的主要岩浆岩单元是什么？,毛湾矿区-出露的岩浆岩-中侏罗世岩前单元; 中侏罗世岩前单元-形式-小岩株,"工作区位于湖南省衡南县花桥镇，隶属于衡南县川口办事处管辖，距衡阳市约50km。: 但总的来说，区内地质体的地球物理特征可归纳如下：图3-3毛湾矿区15号剖面反演电阻率断面图图3-4毛湾矿区15号剖面地质推断解释断面图26（1）中侏罗世岩前单元中细粒二云母花岗岩（Jy）的电阻率一般在1800Ω·m～24800Ω·m左右，在区内表现为高阻。。工作区位于湖南省衡南县花桥镇，隶属于衡南县川口办事处管辖，距衡阳市约50km。: 毛湾矿区东侧岩体出露的长轴方向按110°方向布置了5条勘探线，不整合面接触部位，勘探线大致垂直不整合接触界线。。工作区位于湖南省衡南县花桥镇，隶属于衡南县川口办事处管辖，距衡阳市约50km。: 图2-1湖南省大地构造略图9图2-2毛湾矿区区域地质图102.2区域地层区域内出露地层较齐全，有元古界青白口系、南华系、震旦系，古生界寒武系、泥盆系、石炭系、二叠系，中生界白垩系，新生界第三系、第四系。。工作区位于湖南省衡南县花桥镇，隶属于衡南县川口办事处管辖，距衡阳市约50km。: 区内出露的岩浆岩为中侏罗世岩前单元（JY）,呈小岩株产出。。工作区位于湖南省衡南县花桥镇，隶属于衡南县川口办事处管辖，距衡阳市约50km。: 工作区出露的岩浆233岩为中侏罗世岩前单元，岩体呈小岩株形式产出,岩浆侵位于高涧群板岩和泥盆系地层中，接触面呈波浪式起伏。。工作区位于湖南省衡南县花桥镇，隶属于衡南县川口办事处管辖，距衡阳市约50km。: 说明工作区出露的中侏罗世岩前单元（JY）与后期脉体活动共同为成矿提供了矿质活化、迁移、聚2集所必需的热液、热动力等。"
5,中侏罗世岩前单元侵入了哪些地层？,中侏罗世岩前单元-侵位于-高涧群板岩和泥盆系地层,"工作区位于湖南省衡南县花桥镇，隶属于衡南县川口办事处管辖，距衡阳市约50km。: 工作区出露的岩浆233岩为中侏罗世岩前单元，岩体呈小岩株形式产出,岩浆侵位于高涧群板岩和泥盆系地层中，接触面呈波浪式起伏。。工作区位于湖南省衡南县花桥镇，隶属于衡南县川口办事处管辖，距衡阳市约50km。: 区内出露的岩浆岩为中侏罗世岩前单元（JY）,呈小岩株产出。。工作区位于湖南省衡南县花桥镇，隶属于衡南县川口办事处管辖，距衡阳市约50km。: 说明工作区出露的中侏罗世岩前单元（JY）与后期脉体活动共同为成矿提供了矿质活化、迁移、聚2集所必需的热液、热动力等。"
6,毛湾矿区的主要褶皱构造是什么？,毛湾矿区-褶皱-毛湾背斜; 毛湾背斜-轴向-NNW向,工作区位于湖南省衡南县花桥镇，隶属于衡南县川口办事处管辖，距衡阳市约50km。: 矿区褶皱主要为毛湾背斜，轴向NNW向，背斜核部出露地层为新元古界高涧群架枧田组（Ptj）板岩，粉砂质板岩等组成褶皱基底地层，两翼为泥盆系沉积盖层；3基底与盖层呈角度不整合接触，且两侧地层产状东翼缓，西翼陡。。工作区位于湖南省衡南县花桥镇，隶属于衡南县川口办事处管辖，距衡阳市约50km。: 工作区的褶皱为毛湾背斜，轴向NNW向。。工作区位于湖南省衡南县花桥镇，隶属于衡南县川口办事处管辖，距衡阳市约50km。: 同时，毛湾矿区有着与之相隔不到10km的杨林坳矿区相似的成矿地质背景，杨林坳矿区已探明的资源量30余万吨，其矿化主要沿跳马涧组底部含钙砂岩层分布，这与我们在毛湾地段所测量的化探异常晕的分布和地表矿化显示与此十分类似，且有类似的成矿地质条件。。工作区位于湖南省衡南县花桥镇，隶属于衡南县川口办事处管辖，距衡阳市约50km。: 毛湾矿区东侧岩体出露的长轴方向按110°方向布置了5条勘探线，不整合面接触部位，勘探线大致垂直不整合接触界线。
7,矿区断裂构造的主要方向有哪些？,断裂构造-方向-NE向、NW向,工作区位于湖南省衡南县花桥镇，隶属于衡南县川口办事处管辖，距衡阳市约50km。: 2、NW向断裂20这组断裂产于跳马涧组（Dt）与青白口系高涧群架枧田组（Ptj）不整合面附23近，构造形态与不整合面形态基本一致。。工作区位于湖南省衡南县花桥镇，隶属于衡南县川口办事处管辖，距衡阳市约50km。: ③盖层构造泥盆系及以上地层发育以NNE、NE向断裂为主，次为近SN向及NW向断裂，少量近EW向断裂。。工作区位于湖南省衡南县花桥镇，隶属于衡南县川口办事处管辖，距衡阳市约50km。: 工作区的断裂构造主要以NE向、NW向断裂为主，是区内最主要的导矿断裂和储（赋）矿断裂。
8,毛湾矿区包含哪三种钨矿床类型？,毛湾矿区-包含矿床类型-岩体型; 毛湾矿区-包含矿床类型-石英脉型; 毛湾矿区-包含矿床类型-不整合面型钨矿,工作区位于湖南省衡南县花桥镇，隶属于衡南县川口办事处管辖，距衡阳市约50km。: 2013年5月至2014年12月我队承担了省厅科研项目《湖南省衡南县毛湾矿区钨矿化类型及成矿规律研究》，项目开展对矿体岩体型钨矿研究，总结岩体型钨矿地质特征及成矿规律，建立成矿模式及找矿标志，并在指导找矿过程中取得重大地质勘查成果。。工作区位于湖南省衡南县花桥镇，隶属于衡南县川口办事处管辖，距衡阳市约50km。: 通过工作大致查明了毛湾矿区地层、岩浆岩、构造、围岩蚀变等基本特征，大致了解了主要钨矿脉的品位、厚度、产状等特征。。工作区位于湖南省衡南县花桥镇，隶属于衡南县川口办事处管辖，距衡阳市约50km。: 同时，毛湾矿区有着与之相隔不到10km的杨林坳矿区相似的成矿地质背景，杨林坳矿区已探明的资源量30余万吨，其矿化主要沿跳马涧组底部含钙砂岩层分布，这与我们在毛湾地段所测量的化探异常晕的分布和地表矿化显示与此十分类似，且有类似的成矿地质条件。。工作区位于湖南省衡南县花桥镇，隶属于衡南县川口办事处管辖，距衡阳市约50km。: 毛湾矿区共发现含钨石英脉17条，并且在构造发育、成矿条件较好地段进行了土壤地球化学测量，圈定了W、Sｎ、Bi、Mｏ综合异常区。。工作区位于湖南省衡南县花桥镇，隶属于衡南县川口办事处管辖，距衡阳市约50km。: (2)石英脉型钨矿富集规律石英脉型钨矿矿体呈脉状赋存于毛湾隆起顶部和边部的破碎带中及其附近的云英岩化带中，主要分布在岩体型钨矿化的上部。。工作区位于湖南省衡南县花桥镇，隶属于衡南县川口办事处管辖，距衡阳市约50km。: 3、毛湾矿区不整合面部位，地表多个山地工程及浅深部3个钻孔均见钨矿化，且地球化学异常自西北向南东沿着不整合接触界线分布，是今后勘查工作的方向之一。
9,岩体型盲矿体的数量有多少？,岩体型盲矿体-数量-10个,.16912.32100460似层状650-30.1663.5060100似层状750-40.1241.6570160似层状852-10.1385.65100380似层状952-20.2301.20100180似层状1052-30.1401.00100145似层状矿体规模较大，单条矿体沿走向延长一般在50-60m，最长可达100m；平均厚度8～13m；规模小的矿体走向长仅数十米，厚度1～5.60m。在50-60m，最长可达100m；平均厚度8～13m；规模小的矿体走向长仅数十米，厚度1～5.60m。。表4-1岩体型钨矿主要矿体特征表矿体矿（脉）体平均品位平均厚度控制长度控制宽度序号备注形态编号（%）（m）（m）（m）1480.1281.1010040似层状2490.16411.41100245似层状3500.18718.50100400似层状4510.16120.45100470似层状5520.16912.32100460似层状650-30.1663.5060100似层状750-40.124
10,岩体型矿体的长度范围是多少？,岩体型盲矿体-长度-50-100m,在50-60m，最长可达100m；平均厚度8～13m；规模小的矿体走向长仅数十米，厚度1～5.60m。。.16912.32100460似层状650-30.1663.5060100似层状750-40.1241.6570160似层状852-10.1385.65100380似层状952-20.2301.20100180似层状1052-30.1401.00100145似层状矿体规模较大，单条矿体沿走向延长一般在50-60m，最长可达100m；平均厚度8～13m；规模小的矿体走向长仅数十米，厚度1～5.60m。中侏罗世岩前单元5-砂质粘土6-板岩7-灰岩8-二云母花岗岩9-白云母花岗岩10-石英脉11-矿体12-低品位矿体13-钻孔及编号50号矿体：为蚀变岩体型钨矿体，为盲矿体，有5个钻孔（ZK1501、ZK1502、ZK1503、ZK1504、ZK1505）控制，控制长100m，倾向约290°，倾角0°～10°，WO矿体品位0.137～.528%，WO平均品位0.190%，矿体厚度2.05～17.0
11,石英脉型钨矿体的数量是多少？,石英脉型钨矿体-数量-40个,911.990.0911.99/脉状4.2矿石质量4.2.1矿石矿物成分总体说来，本区矿石的矿物组成比较简单，岩体型钨矿、不整合面型钨矿的矿石矿物以白钨矿为主，石英脉型钨矿的矿石矿物以黑钨矿为主。。工作区位于湖南省衡南县花桥镇，隶属于衡南县川口办事处管辖，距衡阳市约50km。: 4.1.2石英脉型钨矿石英脉型钨矿主要分布矿区的东部，本次共圈定石英脉型钨矿体40个，其中盲矿体30个，矿体形态复杂，厚度、品位变化大，因石英脉是最重要的含矿构造，矿体形态常继承石英脉形态和脉旁蚀变带的形态，总体产状与石英脉产状相同，走向NE，倾角多在40～60°之间，以②号矿体见矿最好，矿体特征见（表4-4）。。②号矿体：为石英大脉型钨矿体，矿体地表有两个探槽（TC0701、TC0301）控制，深部有一个民窿（ML2）和两个钻孔（ZK0303、ZK0702）控制，矿体控制长200m，倾向约99°，倾角47°～56°，WO矿体品位0.142～3.560%，WO平均品位0.799%，33矿体厚度0.11～1.40，平均厚度为0.63m。
12,不整合面型钨矿体的平均厚度范围？,不整合面型钨矿体-平均厚度-0.50～2.99m,表4-5不整合面型钨矿矿体特征表序矿（脉）揭露品位厚度平均品位平均厚度控制长矿体备注号体编号工程号（%）（m）（%）（m）度（m）形态1102TC08010.1201.520.1201.52/脉状2103TC08010.2112.990.2112.99/脉状3104ZK40010.1551.300.1551.30/脉状4105TC04010.0690.500..50/脉状5TC04010.156。.27～3.4m，WO3平均品位0.126%-3.260%，不整合面型钨矿体4个，矿体长小于100m，平均厚度0.50～2.99m，WO平均品位0.120%-0.366%，初步估算54个主要矿体（334）WO33资源量12454t。。表4-1岩体型钨矿主要矿体特征表矿体矿（脉）体平均品位平均厚度控制长度控制宽度序号备注形态编号（%）（m）（m）（m）1480.1281.1010040似层状2490.16411.41100245似层状3500.18718.50100400似层状4510.16120.45100470似层状5520.16912.32100460似层状650-30.1663.5060100似层状750-40.124
13,矿区距离最近的高速公路出口有多远？,毛湾矿区-距离-京珠高速洪市出口约30km,工作区位于湖南省衡南县花桥镇，隶属于衡南县川口办事处管辖，距衡阳市约50km。: 339.3外部建设条件9.3.1、交通、运输条件矿区交通较为方便，矿区距衡阳市区约50km，距京珠高速洪市出口约30km，西侧有公路穿越毛湾矿区。。工作区位于湖南省衡南县花桥镇，隶属于衡南县川口办事处管辖，距衡阳市约50km。: 毛湾矿区东南部为龙溪水库，其余地区除冲沟外，地表水系不太发育。。工作区位于湖南省衡南县花桥镇，隶属于衡南县川口办事处管辖，距衡阳市约50km。: 毛湾矿区估算矿体55个，初步估算（334）WO资源量12454t，详细情况见（表8-1）。
14,毛湾矿区属于什么气候类型？,毛湾矿区-属-亚热带气候,工作区位于湖南省衡南县花桥镇，隶属于衡南县川口办事处管辖，距衡阳市约50km。: 毛湾矿区东南部为龙溪水库，其余地区除冲沟外，地表水系不太发育。。工作区位于湖南省衡南县花桥镇，隶属于衡南县川口办事处管辖，距衡阳市约50km。: 毛湾矿区估算矿体55个，初步估算（334）WO资源量12454t，详细情况见（表8-1）。。工作区位于湖南省衡南县花桥镇，隶属于衡南县川口办事处管辖，距衡阳市约50km。: 同时，毛湾矿区有着与之相隔不到10km的杨林坳矿区相似的成矿地质背景，杨林坳矿区已探明的资源量30余万吨，其矿化主要沿跳马涧组底部含钙砂岩层分布，这与我们在毛湾地段所测量的化探异常晕的分布和地表矿化显示与此十分类似，且有类似的成矿地质条件。
15,矿区年平均气温是多少？,毛湾矿区-年平均气温-19°左右,"工作区位于湖南省衡南县花桥镇，隶属于衡南县川口办事处管辖，距衡阳市约50km。: 毛湾矿区东南部为龙溪水库，其余地区除冲沟外，地表水系不太发育。。工作区位于湖南省衡南县花桥镇，隶属于衡南县川口办事处管辖，距衡阳市约50km。: 毛湾矿区估算矿体55个，初步估算（334）WO资源量12454t，详细情况见（表8-1）。。工作区位于湖南省衡南县花桥镇，隶属于衡南县川口办事处管辖，距衡阳市约50km。: 毛湾矿区本年度共施工钻孔4个，4个钻孔均见工业矿体，其中以毛湾矿区的ZK1503见矿最好，单矿层最大连续厚达39.02m,WO平均品位为0.128%，WO最高品33位为1.460%，并且在孔内见到7层工业矿体，单孔见矿累计厚度93.21m。"
16,毛湾背斜的核部地层是什么？,毛湾背斜-核部地层-青白口系高涧群架枧田组,工作区位于湖南省衡南县花桥镇，隶属于衡南县川口办事处管辖，距衡阳市约50km。: 2333.1.1高涧群架枧田组（Ptj）3主要分布于矿区中东部，毛湾隆起的核部，呈北西向展布。。工作区位于湖南省衡南县花桥镇，隶属于衡南县川口办事处管辖，距衡阳市约50km。: 矿区褶皱主要为毛湾背斜，轴向NNW向，背斜核部出露地层为新元古界高涧群架枧田组（Ptj）板岩，粉砂质板岩等组成褶皱基底地层，两翼为泥盆系沉积盖层；3基底与盖层呈角度不整合接触，且两侧地层产状东翼缓，西翼陡。。工作区位于湖南省衡南县花桥镇，隶属于衡南县川口办事处管辖，距衡阳市约50km。: ③毛湾背斜：轴向NNW，核部为高涧群，东翼被毛湾断层切断，在楼屋附近棋梓桥组与高涧群呈断层接触。
17,毛湾矿区出露哪些古生代地层？,毛湾矿区-出露的地层-跳马涧组; 毛湾矿区-出露的地层-棋梓桥组; 毛湾矿区-出露的地层-佘田桥组; 毛湾矿区-出露的地层-锡矿山组,"工作区位于湖南省衡南县花桥镇，隶属于衡南县川口办事处管辖，距衡阳市约50km。: 同时，毛湾矿区有着与之相隔不到10km的杨林坳矿区相似的成矿地质背景，杨林坳矿区已探明的资源量30余万吨，其矿化主要沿跳马涧组底部含钙砂岩层分布，这与我们在毛湾地段所测量的化探异常晕的分布和地表矿化显示与此十分类似，且有类似的成矿地质条件。。工作区位于湖南省衡南县花桥镇，隶属于衡南县川口办事处管辖，距衡阳市约50km。: 图4-1毛湾矿区15号勘探线剖面图1-第四系2-高涧群架枧田组3-棋梓桥组4-。工作区位于湖南省衡南县花桥镇，隶属于衡南县川口办事处管辖，距衡阳市约50km。: 图2-1湖南省大地构造略图9图2-2毛湾矿区区域地质图102.2区域地层区域内出露地层较齐全，有元古界青白口系、南华系、震旦系，古生界寒武系、泥盆系、石炭系、二叠系，中生界白垩系，新生界第三系、第四系。。工作区位于湖南省衡南县花桥镇，隶属于衡南县川口办事处管辖，距衡阳市约50km。: 毛湾矿区东南部为龙溪水库，其余地区除冲沟外，地表水系不太发育。。.1地层矿区出露的地层主要有高涧群架枧田组（Ptj）,泥盆系跳马涧组（Dt）、棋32梓桥组（Dq）、佘田桥组（Ds）、锡矿山组（Dx）及第四系（Q）。。工作区位于湖南省衡南县花桥镇，隶属于衡南县川口办事处管辖，距衡阳市约50km。: 通过工作大致查明了毛湾矿区地层、岩浆岩、构造、围岩蚀变等基本特征，大致了解了主要钨矿脉的品位、厚度、产状等特征。"
18,控矿地层主要包括哪些？,控矿地层-包括-青白口系高涧群架枧田组; 控矿地层-包括-跳马涧组,".1地层矿区出露的地层主要有高涧群架枧田组（Ptj）,泥盆系跳马涧组（Dt）、棋32梓桥组（Dq）、佘田桥组（Ds）、锡矿山组（Dx）及第四系（Q）。。工作区位于湖南省衡南县花桥镇，隶属于衡南县川口办事处管辖，距衡阳市约50km。: 2.2.1元古界（1）青白口系高涧群架枧田组（Ptj）多出露于隆起带或背斜核部，岩性主3要为灰绿色、暗灰色薄层条带状绢云母板岩、绿泥石绢云母板岩、含凝灰质砂岩。高涧群中的Au、W、Sn、As、Sb等元素丰度普遍较高，其物质来源与接受古老基底陆源物质和接受中-基性海底火山喷出物质沉积有关。。工作区位于湖南省衡南县花桥镇，隶属于衡南县川口办事处管辖，距衡阳市约50km。: （2）不整合界面控矿作用在高涧群架枧田组与泥盆系地层之间，有一明显的不整合接触面。。工作区位于湖南省衡南县花桥镇，隶属于衡南县川口办事处管辖，距衡阳市约50km。: 矿体受不整合面控制，矿化富集在泥盆系跳马涧组底部不整合面上下数十米范围内，且矿体主要分布于不整合面上部。。工作区位于湖南省衡南县花桥镇，隶属于衡南县川口办事处管辖，距衡阳市约50km。: 3.1.2泥盆系跳马涧组（Dt）2分布在矿区中部和北部，与下伏高枧群架枧田组（Ptj）呈不整合接触，按岩3性可划分为下、中、上三段：下段：底部为巨厚层状石英砾岩，灰白色，砾状结构，砾石成分以石英砾为主，砾径一般2～3㎝，大者可达15㎝。"
19,矿区的成矿物质来源是什么？,毛湾矿区-成矿物质来源-花岗岩; 毛湾矿区-成矿物质来源-围岩,工作区位于湖南省衡南县花桥镇，隶属于衡南县川口办事处管辖，距衡阳市约50km。: 同时，毛湾矿区有着与之相隔不到10km的杨林坳矿区相似的成矿地质背景，杨林坳矿区已探明的资源量30余万吨，其矿化主要沿跳马涧组底部含钙砂岩层分布，这与我们在毛湾地段所测量的化探异常晕的分布和地表矿化显示与此十分类似，且有类似的成矿地质条件。。工作区位于湖南省衡南县花桥镇，隶属于衡南县川口办事处管辖，距衡阳市约50km。: 图3-2毛湾矿区高精度磁测ΔT平面图24表3-2高精度磁测异常特征一览表剖面物探剖面位置物探异常地质简况备注号方法方位距离420～580正磁异常中细粒二云母花岗岩15高精度110°。工作区位于湖南省衡南县花桥镇，隶属于衡南县川口办事处管辖，距衡阳市约50km。: 图4-4毛湾钨矿床成矿模式图1、高涧群架枧田组板岩;2、岩前单元中细粒二云母花岗岩;3、石英脉;4、石英脉型;5、岩体型钨矿4.7.2控矿因素分析1、成（控）矿地层成（控）矿有利地层主要为高涧群架枧田组、泥盆系中统跳马涧组。。工作区位于湖南省衡南县花桥镇，隶属于衡南县川口办事处管辖，距衡阳市约50km。: 1、成矿物质来源本次工作对矿区地层和岩浆岩的微量元素进行分析（表14），结果表明成矿物质主要来自花岗岩，部分来自围岩。。工作区位于湖南省衡南县花桥镇，隶属于衡南县川口办事处管辖，距衡阳市约50km。: 毛湾矿区共发现含钨石英脉17条，并且在构造发育、成矿条件较好地段进行了土壤地球化学测量，圈定了W、Sｎ、Bi、Mｏ综合异常区。
20,哪些蚀变作用与钨矿化正相关？,云英岩化-正相关-钨矿化; 钾长石化-正相关-钨矿化; 金属硫化物化-正相关-钨矿化,的关系：云英岩化、硅化、绢云母化、多种硫化物化与石英大脉型黑钨矿化相关，形成含黑钨石英大脉型矿体；云英岩化、钾长石化、硅化、白云母化、多种硫化物化与岩体型白钨矿化密切。。图3-1矿区钨矿蚀变垂直分带示意图1、云英岩化带;2、强云英岩化钾化带;3、云英岩化钠化钾长化带;4、钠长石化、钾长石化;5、钾长石化带;6、中侏罗世岩前单元;7、黑云母二长花岗岩;8、黑钨矿；9、白钨矿;3.4.2蚀变与矿化的关系矿区围岩蚀变与矿化的关系主要表现在以下三个方面：1、蚀变与矿床种类的关系：云英岩化、硅化、绢云母化、多种硫化物化与石英大脉型黑钨矿化相关，形成含黑钨石英大脉型矿体；云。工作区位于湖南省衡南县花桥镇，隶属于衡南县川口办事处管辖，距衡阳市约50km。: 2、蚀变与矿种的关系：云英岩化、硅化、多种硫化物化与黑钨矿相关；云英22岩化、钾长石化、硅化、白云母化、多种硫化物化与白钨矿化关系密切，蚀变越强矿化越强。。工作区位于湖南省衡南县花桥镇，隶属于衡南县川口办事处管辖，距衡阳市约50km。: 其中云英岩化、钾长石化及金属硫化物化与钨矿化呈正相关关系。
21,中侏罗世岩前单元包含哪些主要矿物？,中侏罗世岩前单元-矿物-石英; 中侏罗世岩前单元-矿物-斜长石; 中侏罗世岩前单元-矿物-钾长石; 中侏罗世岩前单元-矿物-黑云母; 中侏罗世岩前单元-矿物-白云母; 中侏罗世岩前单元-矿物-电气石; 中侏罗世岩前单元-矿物-锆石,工作区位于湖南省衡南县花桥镇，隶属于衡南县川口办事处管辖，距衡阳市约50km。: 石英脉宽一般10～30cm，间距10～30m不等，矿脉整体走向北东向，倾向SE，倾角40°-60°。。工作区位于湖南省衡南县花桥镇，隶属于衡南县川口办事处管辖，距衡阳市约50km。: 砾石成分以脉石英为主，次为砂岩砾石。。工作区位于湖南省衡南县花桥镇，隶属于衡南县川口办事处管辖，距衡阳市约50km。: 石英脉往岩体中心或深部分枝变小，直至尖灭（图4-5）。。工作区位于湖南省衡南县花桥镇，隶属于衡南县川口办事处管辖，距衡阳市约50km。: 斑晶以微斜长石为主，石英次之，基质由微斜长石(35～47%)、更长石(20～32%)、石英(25～30%)、黑云母(1～7%)以及锆石、磷灰石、独居石及白云母等组成。。工作区位于湖南省衡南县花桥镇，隶属于衡南县川口办事处管辖，距衡阳市约50km。: 岩石呈灰白色、浅红色，组成岩石的主要矿物有石英、斜长石、钾长石、黑云母、白云母等。。工作区位于湖南省衡南县花桥镇，隶属于衡南县川口办事处管辖，距衡阳市约50km。: 7、长石：半自形板状，包括钾长石和斜长石，钾长石多蚀变为高岭土，斜长石常见聚片双晶。。工作区位于湖南省衡南县花桥镇，隶属于衡南县川口办事处管辖，距衡阳市约50km。: 4.5矿体围岩和夹石4.5.1矿体围岩岩体型矿体围岩主要为细粒白云母二长花岗岩、中细粒二云母二长花岗岩和这两种岩石所形成的构造岩，其成分由钾长石、斜长石、石英、黑云母及白云母等组成，具花岗结构或碎裂花岗结构、块状构造。。工作区位于湖南省衡南县花桥镇，隶属于衡南县川口办事处管辖，距衡阳市约50km。: 但总的来说，区内地质体的地球物理特征可归纳如下：图3-3毛湾矿区15号剖面反演电阻率断面图图3-4毛湾矿区15号剖面地质推断解释断面图26（1）中侏罗世岩前单元中细粒二云母花岗岩（Jy）的电阻率一般在1800Ω·m～24800Ω·m左右，在区内表现为高阻。。工作区位于湖南省衡南县花桥镇，隶属于衡南县川口办事处管辖，距衡阳市约50km。: 构成岩体的主要岩石类型，自岩体中心向岩体边缘，依次为黑云母花岗岩、二云母花岗岩和白云母花岗岩。。工作区位于湖南省衡南县花桥镇，隶属于衡南县川口办事处管辖，距衡阳市约50km。: 由于该岩层岩性不同及距花岗岩的远近不一，经热液蚀变而形成了角岩化斑点状绢云母板岩、角岩化砂质绢云母板岩、角岩化砂质板岩、斑点状云母角岩、云母石英角岩、电气石云母石英角岩等。。工作区位于湖南省衡南县花桥镇，隶属于衡南县川口办事处管辖，距衡阳市约50km。: 8、白云母：半自形鳞片状，在矿石中较常见，尤其是在构造带旁侧(以内带较多)云英岩中。。工作区位于湖南省衡南县花桥镇，隶属于衡南县川口办事处管辖，距衡阳市约50km。: 岩体内常见的脉岩，为细粒白云母花岗岩脉，偶见花岗伟晶岩脉。。工作区位于湖南省衡南县花桥镇，隶属于衡南县川口办事处管辖，距衡阳市约50km。: 副矿物有电气石、锆石等。。工作区位于湖南省衡南县花桥镇，隶属于衡南县川口办事处管辖，距衡阳市约50km。: 矿物成分主要为石英、绢云母、绿泥石，其次为电气石、黄铁矿等，次要矿物为磁黄铁矿、堇青石、红柱石、黑云母、白云母、辉石等。。工作区位于湖南省衡南县花桥镇，隶属于衡南县川口办事处管辖，距衡阳市约50km。: 矿物组合为石英—铁锂云母—石英—电气石—白云母—钾长石—黄铁矿—黄铜矿—黑钨矿—锡石。。工作区位于湖南省衡南县花桥镇，隶属于衡南县川口办事处管辖，距衡阳市约50km。: 成矿物质主要来自花岗岩，部分来自围岩。
22,毛湾矿区的主要矿石矿物有哪些？,毛湾矿区-矿石矿物-白钨矿; 毛湾矿区-矿石矿物-黑钨矿; 毛湾矿区-矿石矿物-黄铁矿; 毛湾矿区-矿石矿物-黄铜矿; 毛湾矿区-矿石矿物-辉钼矿; 毛湾矿区-矿石矿物-石英; 毛湾矿区-矿石矿物-长石; 毛湾矿区-矿石矿物-方解石; 毛湾矿区-矿石矿物-萤石; 毛湾矿区-矿石矿物-绿泥石,"工作区位于湖南省衡南县花桥镇，隶属于衡南县川口办事处管辖，距衡阳市约50km。: 通过工作大致查明了毛湾矿区地层、岩浆岩、构造、围岩蚀变等基本特征，大致了解了主要钨矿脉的品位、厚度、产状等特征。。工作区位于湖南省衡南县花桥镇，隶属于衡南县川口办事处管辖，距衡阳市约50km。: 毛湾矿区共发现含钨石英脉17条，并且在构造发育、成矿条件较好地段进行了土壤地球化学测量，圈定了W、Sｎ、Bi、Mｏ综合异常区。。工作区位于湖南省衡南县花桥镇，隶属于衡南县川口办事处管辖，距衡阳市约50km。: 矿区主要有用金属矿物是黑钨矿和白钨矿。。工作区位于湖南省衡南县花桥镇，隶属于衡南县川口办事处管辖，距衡阳市约50km。: 北北东向脉组中主要矿石矿物为黑钨矿，次之为白钨矿，偶见少量黄铜、黄铁矿化。。工作区位于湖南省衡南县花桥镇，隶属于衡南县川口办事处管辖，距衡阳市约50km。: 脉状构造：黄铜矿、黄铁矿共生，呈细的网脉穿插于脉石矿物中。。工作区位于湖南省衡南县花桥镇，隶属于衡南县川口办事处管辖，距衡阳市约50km。: 同时，毛湾矿区有着与之相隔不到10km的杨林坳矿区相似的成矿地质背景，杨林坳矿区已探明的资源量30余万吨，其矿化主要沿跳马涧组底部含钙砂岩层分布，这与我们在毛湾地段所测量的化探异常晕的分布和地表矿化显示与此十分类似，且有类似的成矿地质条件。。黄铜矿辉铋矿石英大脉3.147条30～4100.07～0.650.62～0.90塘江源钨矿黑钨矿黄铜矿辉铋矿岩体型235条100～3000.15～0.70平均0.828荒垄钨矿黑钨矿辉铋矿黄铜矿石英大脉1.229条50～300平均0.65平均0.65脉带焦园钨矿白钨矿黄铜矿石英大脉20～300平均1.8平均0.6255条矿体杨林坳钨矿白钨矿黄铜矿石英大脉1.2100～10001.8～9.0平均4.。3000.07～0.30.01～1.10黄铜矿辉铋矿三角潭钨矿黑钨矿石英大脉6240条15～3000.50.45～1.42黄铜矿毛湾钨矿白钨矿辉铋矿黄铜矿岩体型0.52150～4500.30-10.950.12-0.475黄泥垄钨矿黑钨矿辉铋矿黄铜矿石英大脉111条45～1600.08～.551.07～4.88高日堂钨矿黑钨矿辉铋矿黄铜矿石英大脉222条120～3170.12～.350.3～1.8。工作区位于湖南省衡南县花桥镇，隶属于衡南县川口办事处管辖，距衡阳市约50km。: 毛湾矿区估算矿体55个，初步估算（334）WO资源量12454t，详细情况见（表8-1）。。工作区位于湖南省衡南县花桥镇，隶属于衡南县川口办事处管辖，距衡阳市约50km。: 图3-2毛湾矿区高精度磁测ΔT平面图24表3-2高精度磁测异常特征一览表剖面物探剖面位置物探异常地质简况备注号方法方位距离420～580正磁异常中细粒二云母花岗岩15高精度110°。工作区位于湖南省衡南县花桥镇，隶属于衡南县川口办事处管辖，距衡阳市约50km。: 毛湾矿区东南部为龙溪水库，其余地区除冲沟外，地表水系不太发育。。工作区位于湖南省衡南县花桥镇，隶属于衡南县川口办事处管辖，距衡阳市约50km。: 岩石呈灰白色、浅红色，组成岩石的主要矿物有石英、斜长石、钾长石、黑云母、白云母等。。工作区位于湖南省衡南县花桥镇，隶属于衡南县川口办事处管辖，距衡阳市约50km。: 其它金属矿物有黄铁矿、黄铜矿、辉钼矿等；脉石矿物主要为石英、长石、白云母，次为方解石、萤石、黑云母和绿泥石等。。工作区位于湖南省衡南县花桥镇，隶属于衡南县川口办事处管辖，距衡阳市约50km。: 4.5矿体围岩和夹石4.5.1矿体围岩岩体型矿体围岩主要为细粒白云母二长花岗岩、中细粒二云母二长花岗岩和这两种岩石所形成的构造岩，其成分由钾长石、斜长石、石英、黑云母及白云母等组成，具花岗结构或碎裂花岗结构、块状构造。。工作区位于湖南省衡南县花桥镇，隶属于衡南县川口办事处管辖，距衡阳市约50km。: 矿物成分：方解石含量90％左右，含少量白云石和微量铁、泥质，厚约67.5m。。工作区位于湖南省衡南县花桥镇，隶属于衡南县川口办事处管辖，距衡阳市约50km。: 矿物成分：白云石含量90％以上，方解石少量，含微量铁、泥质，厚约63.3m；上部为白云质灰岩，灰黑色，结晶结构，厚层状。。工作区位于湖南省衡南县花桥镇，隶属于衡南县川口办事处管辖，距衡阳市约50km。: 表现为沿早期脉石英和矿物裂隙孔洞的填充,方解石呈晶形较好的粒状、菱面体,常与重晶石、石英组成晶洞；一般晶洞越大,上述矿物晶形越好,未见黑钨矿,偶尔见白钨矿呈细脉和它形粒状穿插交代早期脉石矿物。。工作区位于湖南省衡南县花桥镇，隶属于衡南县川口办事处管辖，距衡阳市约50km。: 矿物成分主要为石英、绢云母、绿泥石，其次为电气石、黄铁矿等，次要矿物为磁黄铁矿、堇青石、红柱石、黑云母、白云母、辉石等。。工作区位于湖南省衡南县花桥镇，隶属于衡南县川口办事处管辖，距衡阳市约50km。: 岩性为灰绿色、暗灰色条带状绢云母板岩、绿泥石绢云母板岩、含凝灰质砂岩。"
23,NE向断裂在成矿中的作用是什么？,NE向断裂-是-容矿断裂; NE向断裂-构成-含钨石英大脉; NE向断裂-构成-含钨石英细脉,.16912.32100460似层状650-30.1663.5060100似层状750-40.1241.6570160似层状852-10.1385.65100380似层状952-20.2301.20100180似层状1052-30.1401.00100145似层状矿体规模较大，单条矿体沿走向延长一般在50-60m，最长可达100m；平均厚度8～13m；规模小的矿体走向长仅数十米，厚度1～5.60m。⑥青山冲——肖家湾断层：长约6km，走向NNW，错断九王陂背斜，错距约300m。2.5区域矿产区域矿产丰富，主要矿产有铅、锌、钨、铜、金、银、铁、锰、钴、萤石等，北部以铅、锌、银、萤石、钴为主，南部以钨、萤石、金为主。区内金属矿产主要沿基底断裂带及其交汇部位，分布于岩体、岩脉内及周边，主要矿床有主要矿床有川口钨矿田：杨林坳钨矿床（大型）；、三角潭钨矿床（中型）、坳上屋钨矿床（小型）、高日堂钨矿床。在50-60m，最长可达100m；平均厚度8～13m；规模小的矿体走向长仅数十米，厚度1～5.60m。。911.990.0911.99/脉状4.2矿石质量4.2.1矿石矿物成分总体说来，本区矿石的矿物组成比较简单，岩体型钨矿、不整合面型钨矿的矿石矿物以白钨矿为主，石英脉型钨矿的矿石矿物以黑钨矿为主。。工作区位于湖南省衡南县花桥镇，隶属于衡南县川口办事处管辖，距衡阳市约50km。: 岩浆侵入后冷却收缩，在内接触带形成了一系列北东向的横节理(原生Q节理)，这些节理平行分布于隆起部位，为后期含矿热液充填提供了良好的储矿空间，从而构成北东向的含钨石英大脉及含钨石英细脉带。。工作区位于湖南省衡南县花桥镇，隶属于衡南县川口办事处管辖，距衡阳市约50km。: 在构造应力作用下，沿着不整合面薄弱地带发育一组平行断裂，后期含矿热液充填形成含钨石英脉。
24,NW向断裂的产出位置在哪里？,NW向断裂-产于-跳马涧组和青白口系高涧群架枧田组不整合面附近,工作区位于湖南省衡南县花桥镇，隶属于衡南县川口办事处管辖，距衡阳市约50km。: 2、NW向断裂20这组断裂产于跳马涧组（Dt）与青白口系高涧群架枧田组（Ptj）不整合面附23近，构造形态与不整合面形态基本一致。。工作区位于湖南省衡南县花桥镇，隶属于衡南县川口办事处管辖，距衡阳市约50km。: 同时，泥盆系中统跳马涧组Dt下部含砾砂岩、砂岩及其与下伏地层高涧群2架枧田组不整合接触面的硅化破碎带、架枧田组砂质板岩、粉砂质岩等脆性岩石易于产生破碎、断裂及（层间）破碎带，形成导矿和容矿构造。。工作区位于湖南省衡南县花桥镇，隶属于衡南县川口办事处管辖，距衡阳市约50km。: 4.1.3不整合面型钨矿不整合面型钨矿主要分布在跳马涧组底部和高涧群架枧田组不整合接触部位，不整合面附近发育一组石英脉带，脉体走向与不整合界线一致。
25,矿区发育哪些蚀变作用？,毛湾矿区-蚀变作用-云英岩化; 毛湾矿区-蚀变作用-白云母化; 毛湾矿区-蚀变作用-钠长石化; 毛湾矿区-蚀变作用-绢云母化; 毛湾矿区-蚀变作用-绿泥石化; 毛湾矿区-蚀变作用-钾长石化; 毛湾矿区-蚀变作用-硅化; 毛湾矿区-蚀变作用-电气石化; 毛湾矿区-蚀变作用-多种硫化物化,表3-1毛湾矿区主要含矿构造特征一览表3.4变质作用及蚀变区内的变质作用主要与岩浆岩活动有关，包括岩体内的自变质作用、岩浆期后矿序矿脉长度厚度深度走倾倾角围岩蚀变矿化特征区号号（m）（cm）（m）向向（°）11>2005～15/NESE65～72Pt3j/J2s云英岩化黑、白钨22>48010～40/NESE47～56Pt3j/J2s云英岩化黑、白钨32-1>。图3-1矿区钨矿蚀变垂直分带示意图1、云英岩化带;2、强云英岩化钾化带;3、云英岩化钠化钾长化带;4、钠长石化、钾长石化;5、钾长石化带;6、中侏罗世岩前单元;7、黑云母二长花岗岩;8、黑钨矿；9、白钨矿;3.4.2蚀变与矿化的关系矿区围岩蚀变与矿化的关系主要表现在以下三个方面：1、蚀变与矿床种类的关系：云英岩化、硅化、绢云母化、多种硫化物化与石英大脉型黑钨矿化相关，形成含黑钨石英大脉型矿体；云。工作区位于湖南省衡南县花桥镇，隶属于衡南县川口办事处管辖，距衡阳市约50km。: 3.4.1岩体自变质作用与岩浆期后气—液蚀变作用蚀变种类主要有云英岩化、白云母化、钠长石化、绢云母化、绿泥石化、钾长石化、硅化、电气石化及多种硫化物化等，其中云英岩化、钾长石化最发育。。工作区位于湖南省衡南县花桥镇，隶属于衡南县川口办事处管辖，距衡阳市约50km。: 岩体内变质作用：主要为云英岩化、绢云母化、白云母化，其次有钠长石化和硅化。。工作区位于湖南省衡南县花桥镇，隶属于衡南县川口办事处管辖，距衡阳市约50km。: 岩体内蚀变作用，主要为云英岩化，其次有钾长石化和钠长石化。。工作区位于湖南省衡南县花桥镇，隶属于衡南县川口办事处管辖，距衡阳市约50km。: 2、蚀变与矿种的关系：云英岩化、硅化、多种硫化物化与黑钨矿相关；云英22岩化、钾长石化、硅化、白云母化、多种硫化物化与白钨矿化关系密切，蚀变越强矿化越强。
26,最发育的蚀变作用是哪两种？,云英岩化-是-最发育; 钾长石化-是-最发育,工作区位于湖南省衡南县花桥镇，隶属于衡南县川口办事处管辖，距衡阳市约50km。: 云英岩化多发育于含钨石英脉两侧，一般宽5～20cm，最宽可达lm。。工作区位于湖南省衡南县花桥镇，隶属于衡南县川口办事处管辖，距衡阳市约50km。: 岩体内变质作用：主要为云英岩化、绢云母化、白云母化，其次有钠长石化和硅化。。工作区位于湖南省衡南县花桥镇，隶属于衡南县川口办事处管辖，距衡阳市约50km。: 岩体内蚀变作用，主要为云英岩化，其次有钾长石化和钠长石化。。工作区位于湖南省衡南县花桥镇，隶属于衡南县川口办事处管辖，距衡阳市约50km。: 在时间上从早到晚，空间上从下到上发育有钾长石化、钠长石化、二云母化、白云母化、浅色云母化、云英岩石化等。。工作区位于湖南省衡南县花桥镇，隶属于衡南县川口办事处管辖，距衡阳市约50km。: 自上而下，依次为云英岩化带（1）—强云英岩化钠化钾化带（2）—云英岩化钠化钾化带（3）—钠长石化、钾长石化、金属硫化物带（4）—钾长石化带（5）（见图3－1）。
27,川口花岗岩体群的出露面积多大？,川口花岗岩体群-出露面积-21.7km²,"工作区位于湖南省衡南县花桥镇，隶属于衡南县川口办事处管辖，距衡阳市约50km。: 1、川口花岗岩体群:侵入于川口隆起核部，地表由29个规模不等，形态不一的小岩株组成，呈岛屿状散布，出露面积总和为21.7km2。。工作区位于湖南省衡南县花桥镇，隶属于衡南县川口办事处管辖，距衡阳市约50km。: 花岗岩在本区露头呈一不规则的长条状,长宽之比大于8,岩体呈小岩株形式产出,地表出露面积约1.3km2，在岩体西接触面倾向南西倾角25～30°，东部接触界线被第四系覆盖，钻孔资料证实深部有为规模较大的隐伏岩体，可能与川口隆起19中其他花岗岩体连为一体。。工作区位于湖南省衡南县花桥镇，隶属于衡南县川口办事处管辖，距衡阳市约50km。: 将军庙黑云母花岗岩体:呈岩株状，出露面积34km2。"
28,川口花岗岩体群的岩性组成？,川口花岗岩体群-岩性-黑云母花岗岩; 川口花岗岩体群-岩性-二云母花岗岩; 川口花岗岩体群-岩性-白云母花岗岩,工作区位于湖南省衡南县花桥镇，隶属于衡南县川口办事处管辖，距衡阳市约50km。: 构成岩体的主要岩石类型，自岩体中心向岩体边缘，依次为黑云母花岗岩、二云母花岗岩和白云母花岗岩。。工作区位于湖南省衡南县花桥镇，隶属于衡南县川口办事处管辖，距衡阳市约50km。: 1、川口花岗岩体群:侵入于川口隆起核部，地表由29个规模不等，形态不一的小岩株组成，呈岛屿状散布，出露面积总和为21.7km2。。工作区位于湖南省衡南县花桥镇，隶属于衡南县川口办事处管辖，距衡阳市约50km。: 斑状黑云母花岗岩，灰白色，斑状结构，基质为细—中粒花岗结构。。工作区位于湖南省衡南县花桥镇，隶属于衡南县川口办事处管辖，距衡阳市约50km。: 2岩性主要为细中粒二云母二长花岗岩、细中粒白云母二长花岗岩、黑云母二长花岗岩。。工作区位于湖南省衡南县花桥镇，隶属于衡南县川口办事处管辖，距衡阳市约50km。: 4.5矿体围岩和夹石4.5.1矿体围岩岩体型矿体围岩主要为细粒白云母二长花岗岩、中细粒二云母二长花岗岩和这两种岩石所形成的构造岩，其成分由钾长石、斜长石、石英、黑云母及白云母等组成，具花岗结构或碎裂花岗结构、块状构造。
29,将军庙花岗岩体的形成时代？,将军庙花岗岩体-形成年代-印支期产物,工作区位于湖南省衡南县花桥镇，隶属于衡南县川口办事处管辖，距衡阳市约50km。: 将军庙黑云母花岗岩体:呈岩株状，出露面积34km2。。图3-5岩石分类(NaO+KO-CaO)-SiO图解图3-6岩体岩石分类ANK-ASI图解222图3-7岩体稀土元素配分模式图图3-8成矿与非成矿岩石分类Si-Na+K相关图表3-3矿区岩体化学成分及部分化学指数对比表28岩体矿区岩体岩将军庙岩体中国花岗岩黑云母二二云母二白云母二氧化物性平均值长花岗岩长花岗岩长花岗岩含量(×10-2)74%＜SiO72.8976.2175.06273.25071。工作区位于湖南省衡南县花桥镇，隶属于衡南县川口办事处管辖，距衡阳市约50km。: 而基性岩主要为印支一燕山期的煌斑岩。区内出露的岩体，有川口花岗岩体群，将军庙花岗岩体和吴集花岗闪长岩体。
30,湘南区域的主要断裂构造有哪些？,湘南区域-断裂构造-常德-安仁北西向基底断裂; 湘南区域-断裂构造-潘家冲-水口山深大断裂带,工作区位于湖南省衡南县花桥镇，隶属于衡南县川口办事处管辖，距衡阳市约50km。: （2）区域断裂构造①常德-安仁北西向基底断裂常德-安仁断裂是一条深达上地幔的基底断裂，控制了五峰仙—吴集—南岳构造岩浆岩带，也控制了北西向成矿带的分布，如东岗山矿田、川口矿田以及岭坡、东湖町、杨枚冲、石峡等矿区。。工作区位于湖南省衡南县花桥镇，隶属于衡南县川口办事处管辖，距衡阳市约50km。: 工作区位于扬子准地台南缘湘东断隆区常德—安仁北西向基底大断裂与潘家冲—水口山北东向大断裂交汇部位。。工作区位于湖南省衡南县花桥镇，隶属于衡南县川口办事处管辖，距衡阳市约50km。: 第二章区域地质2.1区域地质背景本区位于扬子准地台南缘湘东断隆区(图2-1)，常德—安仁北西向基底大断裂与潘家冲—水口山北东向大断裂交汇部位。。工作区位于湖南省衡南县花桥镇，隶属于衡南县川口办事处管辖，距衡阳市约50km。: ②潘家冲-水口山深大断裂带根据凤凰-茶陵地学断面和江西吉安-铜鼓地区磁测深资料以及萍乡北部九岭南侧的逆冲推覆构造剖面的分析对比，该断裂带为由北西向南东推覆的逆冲断裂带，冷家溪群直接逆冲在上古生界地层之上。。工作区位于湖南省衡南县花桥镇，隶属于衡南县川口办事处管辖，距衡阳市约50km。: 3.3.2断裂构造矿区断裂构造主要为NE向、NW向断裂为主（见表3-1），是区内最主要的导矿断裂和储（赋）矿断裂。
31,潘家冲-水口山断裂带的走向和倾角？,潘家冲-水口山深大断裂带-走向-30-50°; 潘家冲-水口山深大断裂带-倾向-北西; 潘家冲-水口山深大断裂带-倾角-70°左右,工作区位于湖南省衡南县花桥镇，隶属于衡南县川口办事处管辖，距衡阳市约50km。: 断层走向30～50°，倾向北西，倾角70°左右。。工作区位于湖南省衡南县花桥镇，隶属于衡南县川口办事处管辖，距衡阳市约50km。: ⑤小汾源——单家湾断裂：长约14.3km，走向NE，倾向NW倾角约50°，小汾源铁矿产于其下盘。。工作区位于湖南省衡南县花桥镇，隶属于衡南县川口办事处管辖，距衡阳市约50km。: 1、NE向断裂矿区内该组断裂较为发育，主要产在花岗岩与围岩接触的内接触带，由Q节理演化而成，为主要容矿断裂。。工作区位于湖南省衡南县花桥镇，隶属于衡南县川口办事处管辖，距衡阳市约50km。: ②潘家冲-水口山深大断裂带根据凤凰-茶陵地学断面和江西吉安-铜鼓地区磁测深资料以及萍乡北部九岭南侧的逆冲推覆构造剖面的分析对比，该断裂带为由北西向南东推覆的逆冲断裂带，冷家溪群直接逆冲在上古生界地层之上。
32,毛湾矿区的控矿花岗岩类型？,控矿花岗岩-包括-二云母花岗岩; 控矿花岗岩-包括-白云母花岗岩,工作区位于湖南省衡南县花桥镇，隶属于衡南县川口办事处管辖，距衡阳市约50km。: 4.5矿体围岩和夹石4.5.1矿体围岩岩体型矿体围岩主要为细粒白云母二长花岗岩、中细粒二云母二长花岗岩和这两种岩石所形成的构造岩，其成分由钾长石、斜长石、石英、黑云母及白云母等组成，具花岗结构或碎裂花岗结构、块状构造。。工作区位于湖南省衡南县花桥镇，隶属于衡南县川口办事处管辖，距衡阳市约50km。: 2岩性主要为细中粒二云母二长花岗岩、细中粒白云母二长花岗岩、黑云母二长花岗岩。。工作区位于湖南省衡南县花桥镇，隶属于衡南县川口办事处管辖，距衡阳市约50km。: 构成岩体的主要岩石类型，自岩体中心向岩体边缘，依次为黑云母花岗岩、二云母花岗岩和白云母花岗岩。。工作区位于湖南省衡南县花桥镇，隶属于衡南县川口办事处管辖，距衡阳市约50km。: 岩体内常见的脉岩，为细粒白云母花岗岩脉，偶见花岗伟晶岩脉。
33,跳马涧组下段的岩性特征？,跳马涧组-岩性-下段：底部为巨厚层状石英砾岩，灰白色，砾状结构；中部为砂砾岩，灰白色，巨厚层；上部为砂岩，灰白色—紫红色，粉砂—细砂状结构，厚—巨厚层状,"工作区位于湖南省衡南县花桥镇，隶属于衡南县川口办事处管辖，距衡阳市约50km。: 3.1.2泥盆系跳马涧组（Dt）2分布在矿区中部和北部，与下伏高枧群架枧田组（Ptj）呈不整合接触，按岩3性可划分为下、中、上三段：下段：底部为巨厚层状石英砾岩，灰白色，砾状结构，砾石成分以石英砾为主，砾径一般2～3㎝，大者可达15㎝。。.1地层矿区出露的地层主要有高涧群架枧田组（Ptj）,泥盆系跳马涧组（Dt）、棋32梓桥组（Dq）、佘田桥组（Ds）、锡矿山组（Dx）及第四系（Q）。。工作区位于湖南省衡南县花桥镇，隶属于衡南县川口办事处管辖，距衡阳市约50km。: 砾石分选性及磨圆度均较差；中部为砂砾岩，灰白色，巨厚层，碎屑成分主要为石英，砾石成分主要为脉石英砾石，次为砂岩砾石，砾径一般0.5～3㎝，砾石分选性差，在岩石中分布不均匀，其含量一般在50％左右变化；上部为砂岩，灰白色—紫红色，粉砂—细砂状结构，厚—巨厚层状，碎屑物主要为石英，少量长石，含湖南鱼化石。"
34,棋梓桥组中部的岩性组成？,棋梓桥组-岩性-中部为白云岩，局部夹大理石化灰岩。白云岩呈灰白—深灰色，厚层状，中—粗晶粒结构,工作区位于湖南省衡南县花桥镇，隶属于衡南县川口办事处管辖，距衡阳市约50km。: 3.1.3泥盆系棋梓桥组（Dq）2分布在矿区的西南角和东部，其组成岩性：下部白云质灰岩和泥质灰岩互层，灰白—微带肉红色，不等粒结构，矿物成分主要为方解石，次为白云石，含少量—微量角闪石、蛇纹石等。。工作区位于湖南省衡南县花桥镇，隶属于衡南县川口办事处管辖，距衡阳市约50km。: 白云岩呈灰白—深灰色，厚层状，中—粗晶粒结构。。工作区位于湖南省衡南县花桥镇，隶属于衡南县川口办事处管辖，距衡阳市约50km。: 厚约15m；中部为白云岩，局部夹大理石化灰岩。
35,青白口系高涧群架枧田组的岩性？,青白口系高涧群架枧田组-岩性-灰绿色、暗灰色薄层条带状绢云母板岩、绿泥石绢云母板岩、含凝灰质砂岩,"工作区位于湖南省衡南县花桥镇，隶属于衡南县川口办事处管辖，距衡阳市约50km。: 2.2.1元古界（1）青白口系高涧群架枧田组（Ptj）多出露于隆起带或背斜核部，岩性主3要为灰绿色、暗灰色薄层条带状绢云母板岩、绿泥石绢云母板岩、含凝灰质砂岩。高涧群中的Au、W、Sn、As、Sb等元素丰度普遍较高，其物质来源与接受古老基底陆源物质和接受中-基性海底火山喷出物质沉积有关。。工作区位于湖南省衡南县花桥镇，隶属于衡南县川口办事处管辖，距衡阳市约50km。: 岩性为灰绿色、暗灰色条带状绢云母板岩、绿泥石绢云母板岩、含凝灰质砂岩。。.1地层矿区出露的地层主要有高涧群架枧田组（Ptj）,泥盆系跳马涧组（Dt）、棋32梓桥组（Dq）、佘田桥组（Ds）、锡矿山组（Dx）及第四系（Q）。"
36,岩体型钨矿的矿床成因类型？,岩体型钨矿-矿床成因-中高温岩浆气水—热液岩体型,工作区位于湖南省衡南县花桥镇，隶属于衡南县川口办事处管辖，距衡阳市约50km。: 4.7矿床成因及控矿因素分析4.7.1矿床成因岩体型钨矿的成因类型为中高温岩浆气水—热液岩体型。。工作区位于湖南省衡南县花桥镇，隶属于衡南县川口办事处管辖，距衡阳市约50km。: 4、矿床成因简述（1）岩体型钨矿成因分析花岗岩浆在岩体顶部聚集，在上侵成岩的过程中，随着温度和压力的缓慢降低。。工作区位于湖南省衡南县花桥镇，隶属于衡南县川口办事处管辖，距衡阳市约50km。: （3）不整合面型钨矿成因分析由于成矿热液沿花岗岩体外接触带NNW向张裂隙带和不整合面薄弱带上升运移，由于温度、压力降低，物理化学条件改变，成矿物质从含矿溶液中分离沉淀，并与含钙砂岩或部分砂质板岩接触交代，富集成矿，形成岩浆期后高—中温热液充填交代型白钨矿。
37,石英脉型钨矿的成因类型？,石英脉型钨矿-矿床成因-中高温气水—热液（交代）充填型,工作区位于湖南省衡南县花桥镇，隶属于衡南县川口办事处管辖，距衡阳市约50km。: （2）石英脉型钨矿成因分析当岩浆上侵到高涧群架枧田组板岩慢慢冷却时，由于岩浆冷却收缩，不仅在接触面形成一定的虚脱空间，而且在岩体顶部、边部产生垂直岩体长轴的横节理。。工作区位于湖南省衡南县花桥镇，隶属于衡南县川口办事处管辖，距衡阳市约50km。: （3）不整合面型钨矿成因分析由于成矿热液沿花岗岩体外接触带NNW向张裂隙带和不整合面薄弱带上升运移，由于温度、压力降低，物理化学条件改变，成矿物质从含矿溶液中分离沉淀，并与含钙砂岩或部分砂质板岩接触交代，富集成矿，形成岩浆期后高—中温热液充填交代型白钨矿。。911.990.0911.99/脉状4.2矿石质量4.2.1矿石矿物成分总体说来，本区矿石的矿物组成比较简单，岩体型钨矿、不整合面型钨矿的矿石矿物以白钨矿为主，石英脉型钨矿的矿石矿物以黑钨矿为主。
38,毛湾矿区的成矿阶段有哪些？,毛湾矿区-成矿阶段-体型云英岩期; 毛湾矿区-成矿阶段-云英岩-石英脉期; 毛湾矿区-成矿阶段-硫化物期,"表3-1毛湾矿区主要含矿构造特征一览表3.4变质作用及蚀变区内的变质作用主要与岩浆岩活动有关，包括岩体内的自变质作用、岩浆期后矿序矿脉长度厚度深度走倾倾角围岩蚀变矿化特征区号号（m）（cm）（m）向向（°）11>2005～15/NESE65～72Pt3j/J2s云英岩化黑、白钨22>48010～40/NESE47～56Pt3j/J2s云英岩化黑、白钨32-1>。工作区位于湖南省衡南县花桥镇，隶属于衡南县川口办事处管辖，距衡阳市约50km。: 云英岩化白云母花岗岩是重要的成矿地质体，亦是重要的找矿标志。岩体的成矿有利部位是白云母花岗岩的隆起部位。。工作区位于湖南省衡南县花桥镇，隶属于衡南县川口办事处管辖，距衡阳市约50km。: 4.6.1体型云英岩期(Ⅰ)包括铁锂云母电气石锡石白钨矿阶段(1)与白钨矿锡石长石脉阶段(2),第2阶段矿化穿插切断前阶段矿化。。工作区位于湖南省衡南县花桥镇，隶属于衡南县川口办事处管辖，距衡阳市约50km。: 4.6.2云英岩-石英脉期(Ⅱ)矿化明显切割含矿蚀变体及平缓长英质脉，主要发育于蚀变体上部。。工作区位于湖南省衡南县花桥镇，隶属于衡南县川口办事处管辖，距衡阳市约50km。: 4.6.3硫化物期(Ⅲ)本阶段钨矿化已经入尾声,主要形成萤石、方解石、灰白色透明度自形程度较高的粒状中晶脉石英及少量白钨矿。。工作区位于湖南省衡南县花桥镇，隶属于衡南县川口办事处管辖，距衡阳市约50km。: 4.6成矿阶段及矿物共生组合根据区内脉(体)穿插关系，矿石矿物共生组合、结构构造和围岩蚀变等因素，将本区钨矿划分为3个成矿期4个成矿阶段。。工作区位于湖南省衡南县花桥镇，隶属于衡南县川口办事处管辖，距衡阳市约50km。: 本阶段主要表现为对早期成矿阶段矿物组合的胶结，溶43蚀交代和穿插充填，亦有云英岩化、硅化作用。"
39,矿区调查发现哪些微量元素异常？,毛湾矿区-化学异常调查-微量元素Nb; 毛湾矿区-化学异常调查-微量元素Ta; 毛湾矿区-化学异常调查-微量元素Ca; 毛湾矿区-化学异常调查-微量元素Mo; 毛湾矿区-化学异常调查-微量元素W; 毛湾矿区-化学异常调查-微量元素Mn; 毛湾矿区-化学异常调查-微量元素Bi; 毛湾矿区-化学异常调查-微量元素Sn,工作区位于湖南省衡南县花桥镇，隶属于衡南县川口办事处管辖，距衡阳市约50km。: 毛湾矿区共发现含钨石英脉17条，并且在构造发育、成矿条件较好地段进行了土壤地球化学测量，圈定了W、Sｎ、Bi、Mｏ综合异常区。。工作区位于湖南省衡南县花桥镇，隶属于衡南县川口办事处管辖，距衡阳市约50km。: 表3-6毛湾矿区土壤测量异常标准序号元素偏高值异常值备注1W39.9870.471.偏高值为平均值加一倍均方差，2Sn6.509.97异常值为平均值加2倍均方差。。3.6.4土壤地球化学测量成果1、土壤地球化学平面异常特征（1）等值线勾绘方法以毛湾矿区的金元素为例：本区金最小值为0.29×10-9最大值为606×10-9，平均值为5.6×10-9，标准离差为24.6，剔除3倍离差后得平均值为4.28×10-9，标准离差为8.2，再剔除3倍离差后得平均值为3×10-9，标准离差为3.46，再剔除3倍离差后得平均值为0.91×10-9，标准离差为1.25，背景。工作区位于湖南省衡南县花桥镇，隶属于衡南县川口办事处管辖，距衡阳市约50km。: 同时，毛湾矿区有着与之相隔不到10km的杨林坳矿区相似的成矿地质背景，杨林坳矿区已探明的资源量30余万吨，其矿化主要沿跳马涧组底部含钙砂岩层分布，这与我们在毛湾地段所测量的化探异常晕的分布和地表矿化显示与此十分类似，且有类似的成矿地质条件。。工作区位于湖南省衡南县花桥镇，隶属于衡南县川口办事处管辖，距衡阳市约50km。: 3、毛湾矿区不整合面部位，地表多个山地工程及浅深部3个钻孔均见钨矿化，且地球化学异常自西北向南东沿着不整合接触界线分布，是今后勘查工作的方向之一。
40,花岗岩体的轻稀土特征？,白云母二长花岗岩-轻稀土-亏损; 二云母二长花岗岩-轻稀土-亏损; 黑云母二长花岗岩-轻稀土-亏损,493.093.022.64Bω(Lu)0.580.520.510.37Bω(Y)15.8519.7223.6118.81B∑REE30.3056.05145.3171.22（La/Yb）0.5141.6165.8812.728NLREE/HREE1.9253.7527.7265.048δEu0.0320..3800.138从黑云母二长花岗岩到白云母二长花岗岩的稀土总量∑REE、（La/Yb）、N。320..3800.138从黑云母二长花岗岩到白云母二长花岗岩的稀土总量∑REE、（La/Yb）、NLREE/HREE、δEu等值由高到低，说明不同单元花岗岩从早到晚随着SiO含量的增2加，稀土元素与F-、Cl-等挥发分及Rb、Sn、W、Be、Nb、Pb、U等元素构成的络合物，且其的稳定性随原子序数的增大而增加，这就导致该类花岗岩轻稀土相对亏损而重稀土相对富集。。表3-5矿区岩体稀土元素含量及其有关参数表白云母二长花岗二云母二长花岗岩黑云母二长花岗岩川口地区花岗岩元素岩(10-6)(10-6)(10-6)(10-6)ω(La)3.028.4129.9112.13Bω(Ce)9.1120.4959.7525.42Bω(Pr)1.272.687.103.67Bω(Nd)4.609.7725.7014.20Bω(Sm)1.922.855.613.88Bω(Eu
41,花岗岩体的重稀土特征？,白云母二长花岗岩-重稀土-富集; 二云母二长花岗岩-重稀土-富集; 黑云母二长花岗岩-重稀土-富集,493.093.022.64Bω(Lu)0.580.520.510.37Bω(Y)15.8519.7223.6118.81B∑REE30.3056.05145.3171.22（La/Yb）0.5141.6165.8812.728NLREE/HREE1.9253.7527.7265.048δEu0.0320..3800.138从黑云母二长花岗岩到白云母二长花岗岩的稀土总量∑REE、（La/Yb）、N。320..3800.138从黑云母二长花岗岩到白云母二长花岗岩的稀土总量∑REE、（La/Yb）、NLREE/HREE、δEu等值由高到低，说明不同单元花岗岩从早到晚随着SiO含量的增2加，稀土元素与F-、Cl-等挥发分及Rb、Sn、W、Be、Nb、Pb、U等元素构成的络合物，且其的稳定性随原子序数的增大而增加，这就导致该类花岗岩轻稀土相对亏损而重稀土相对富集。。表3-5矿区岩体稀土元素含量及其有关参数表白云母二长花岗二云母二长花岗岩黑云母二长花岗岩川口地区花岗岩元素岩(10-6)(10-6)(10-6)(10-6)ω(La)3.028.4129.9112.13Bω(Ce)9.1120.4959.7525.42Bω(Pr)1.272.687.103.67Bω(Nd)4.609.7725.7014.20Bω(Sm)1.922.855.613.88Bω(Eu
42,岩体型白钨矿的磁异常特征？,岩体型白钨矿-磁异常-正磁异常,工作区位于湖南省衡南县花桥镇，隶属于衡南县川口办事处管辖，距衡阳市约50km。: （2）花岗岩体内岩体型白钨矿磁异常主要表现为正磁异常，初步分析蚀变岩中可能有磁黄铁矿存在。。工作区位于湖南省衡南县花桥镇，隶属于衡南县川口办事处管辖，距衡阳市约50km。: 结合地表地质情况，综合所获得的物化探资料以及解释结果，地面高精度磁测结果和音频大地电磁测深结果表明，花岗岩体内岩体型白钨矿磁异常主要表现为正磁异常，其电阻率主要表现为低阻体，在花岗岩分布区域内，在异常区经钻探验证找到较好的钨矿体。。工作区位于湖南省衡南县花桥镇，隶属于衡南县川口办事处管辖，距衡阳市约50km。: 磁黄铁矿与其它地层岩石相比具有较强磁性，因此呈正磁异常，是岩体型白钨矿成矿有利地段。
43,石英脉型黑钨矿的磁异常？,石英脉型黑钨矿-磁异常-负磁异常,工作区位于湖南省衡南县花桥镇，隶属于衡南县川口办事处管辖，距衡阳市约50km。: 花岗岩体外接触带内的石英脉型黑钨矿磁异常主要表现为负磁异常，石英脉主要物质为弱磁性的石英，石英脉局部膨胀收缩，分枝尖灭，形态不够稳定，因而造成磁场强度局部变化较大。。工作区位于湖南省衡南县花桥镇，隶属于衡南县川口办事处管辖，距衡阳市约50km。: （2）花岗岩体内岩体型白钨矿磁异常主要表现为正磁异常，初步分析蚀变岩中可能有磁黄铁矿存在。。工作区位于湖南省衡南县花桥镇，隶属于衡南县川口办事处管辖，距衡阳市约50km。: 石英脉型矿体以黑钨矿为主，可类比石英脉型矿石，采用重选法可获得较好效果。
44,中侏罗世岩前单元的电阻表现？,中侏罗世岩前单元-电阻表现-高电阻,工作区位于湖南省衡南县花桥镇，隶属于衡南县川口办事处管辖，距衡阳市约50km。: 下统岩关组(C)：上部为灰色薄－厚层泥灰岩夹页岩。。工作区位于湖南省衡南县花桥镇，隶属于衡南县川口办事处管辖，距衡阳市约50km。: 中上统壶天群（C）:上部为白色致密状灰岩夹白云质灰岩；中部为灰白色2＋3h结晶白云岩夹灰岩，下部为灰黑色结晶质白云岩。。工作区位于湖南省衡南县花桥镇，隶属于衡南县川口办事处管辖，距衡阳市约50km。: 测水组（C）：为灰白－紫红色中厚层石英砂岩、砂质页岩、页岩。
45,岩体型钨矿的电阻表现？,岩体型钨矿-电阻表现-中低阻,表4-1岩体型钨矿主要矿体特征表矿体矿（脉）体平均品位平均厚度控制长度控制宽度序号备注形态编号（%）（m）（m）（m）1480.1281.1010040似层状2490.16411.41100245似层状3500.18718.50100400似层状4510.16120.45100470似层状5520.16912.32100460似层状650-30.1663.5060100似层状750-40.124。911.990.0911.99/脉状4.2矿石质量4.2.1矿石矿物成分总体说来，本区矿石的矿物组成比较简单，岩体型钨矿、不整合面型钨矿的矿石矿物以白钨矿为主，石英脉型钨矿的矿石矿物以黑钨矿为主。。工作区位于湖南省衡南县花桥镇，隶属于衡南县川口办事处管辖，距衡阳市约50km。: 岩体型钨矿近矿围岩化学成分见表3-3。
46,毛湾矿区的水文地质条件如何？,毛湾矿区-水文地质条件-中等,工作区位于湖南省衡南县花桥镇，隶属于衡南县川口办事处管辖，距衡阳市约50km。: 毛湾矿区东南部为龙溪水库，其余地区除冲沟外，地表水系不太发育。。工作区位于湖南省衡南县花桥镇，隶属于衡南县川口办事处管辖，距衡阳市约50km。: 通过工作大致查明了毛湾矿区地层、岩浆岩、构造、围岩蚀变等基本特征，大致了解了主要钨矿脉的品位、厚度、产状等特征。。工作区位于湖南省衡南县花桥镇，隶属于衡南县川口办事处管辖，距衡阳市约50km。: 但随着未来矿业活动的开展，人类工程活动将对区内地质环境造成一定破坏，可能导致崩塌、滑坡等地质灾害的发生。6.3.3土石环境评价毛湾矿区东南部为龙溪水库，龙溪水库两侧居民较多。
47,矿区的东南方向有什么地理特征？,毛湾矿区-东南方向-龙溪水库,工作区位于湖南省衡南县花桥镇，隶属于衡南县川口办事处管辖，距衡阳市约50km。: 毛湾矿区东南部为龙溪水库，其余地区除冲沟外，地表水系不太发育。。工作区位于湖南省衡南县花桥镇，隶属于衡南县川口办事处管辖，距衡阳市约50km。: 10.3.2地质环境问题评价毛湾矿区东南部为龙溪水库，龙溪水库两侧居民较多。。工作区位于湖南省衡南县花桥镇，隶属于衡南县川口办事处管辖，距衡阳市约50km。: 但随着未来矿业活动的开展，人类工程活动将对区内地质环境造成一定破坏，可能导致崩塌、滑坡等地质灾害的发生。6.3.3土石环境评价毛湾矿区东南部为龙溪水库，龙溪水库两侧居民较多。
48,湘南区域出露哪些元古界地层？,湘南区域-出露的地层-南华系天子地组; 湘南区域-出露的地层-震旦系上统灯影组; 湘南区域-出露的地层-震旦系下统江口组,工作区位于湖南省衡南县花桥镇，隶属于衡南县川口办事处管辖，距衡阳市约50km。: 图2-1湖南省大地构造略图9图2-2毛湾矿区区域地质图102.2区域地层区域内出露地层较齐全，有元古界青白口系、南华系、震旦系，古生界寒武系、泥盆系、石炭系、二叠系，中生界白垩系，新生界第三系、第四系。。工作区位于湖南省衡南县花桥镇，隶属于衡南县川口办事处管辖，距衡阳市约50km。: （3）震旦系零星出露于小汾沅一带，面积不足5Km2公里。。工作区位于湖南省衡南县花桥镇，隶属于衡南县川口办事处管辖，距衡阳市约50km。: （2）泥盆系地层分布很广，主要有锡矿山组（Dx）、佘田桥组（Ds）、棋梓33桥组（Dq）和跳马涧组（Dt）。。工作区位于湖南省衡南县花桥镇，隶属于衡南县川口办事处管辖，距衡阳市约50km。: 震旦系上统灯影组（Zd）：岩性为灰色厚层含灰质白云岩夹钙质页岩，厚8m。。工作区位于湖南省衡南县花桥镇，隶属于衡南县川口办事处管辖，距衡阳市约50km。: 下统江口组（Zj）：为灰绿色含砂砾绢云母板岩，夹粉砂质绢云母板岩。
49,震旦系上统灯影组的岩性？,震旦系上统灯影组-岩性-灰色厚层含灰质白云岩夹钙质页岩,工作区位于湖南省衡南县花桥镇，隶属于衡南县川口办事处管辖，距衡阳市约50km。: 震旦系上统灯影组（Zd）：岩性为灰色厚层含灰质白云岩夹钙质页岩，厚8m。。工作区位于湖南省衡南县花桥镇，隶属于衡南县川口办事处管辖，距衡阳市约50km。: 中上统壶天群（C）:上部为白色致密状灰岩夹白云质灰岩；中部为灰白色2＋3h结晶白云岩夹灰岩，下部为灰黑色结晶质白云岩。。工作区位于湖南省衡南县花桥镇，隶属于衡南县川口办事处管辖，距衡阳市约50km。: 石蹬子组（C）：为灰－灰黑色中厚层隐晶质灰岩，含生物灰岩夹薄层灰岩。
50,寒武系地层的总厚度？,寒武系地层-厚度-2804m,在50-60m，最长可达100m；平均厚度8～13m；规模小的矿体走向长仅数十米，厚度1～5.60m。。.16912.32100460似层状650-30.1663.5060100似层状750-40.1241.6570160似层状852-10.1385.65100380似层状952-20.2301.20100180似层状1052-30.1401.00100145似层状矿体规模较大，单条矿体沿走向延长一般在50-60m，最长可达100m；平均厚度8～13m；规模小的矿体走向长仅数十米，厚度1～5.60m。工作区位于湖南省衡南县花桥镇，隶属于衡南县川口办事处管辖，距衡阳市约50km。: 厚度20～82m。
